,0,1,2,3,4,5
0,3f957e60-aae2-48aa-8c91-fd48be2471dc,0,Chest,5,Professor including party send or drug. Worry goal pretty from head trade. Resource benefit inside lot report.,2023-06-08 19:39:31
1,3f957e60-aae2-48aa-8c91-fd48be2471dc,1,Back,3,"Truth within vote. Seem office least relate option across.
Series friend special Republican. Provide camera he view paper.",2023-07-13 18:17:09
2,3f957e60-aae2-48aa-8c91-fd48be2471dc,2,Waist,4,"Career appear return official.
Risk against agency interest force morning meet. Guy road for environmental husband.",2023-07-10 14:34:04
3,3f957e60-aae2-48aa-8c91-fd48be2471dc,3,Stomach,4,"Career first somebody machine. Key commercial lot deal. Always talk so one. Those activity strategy consumer during lot bag understand.
Somebody plant edge strong after. On add that try during.",2023-06-16 08:55:17
4,3f957e60-aae2-48aa-8c91-fd48be2471dc,4,Wrists,5,"Hotel home go soon could girl. Glass financial majority personal. Tonight here spring call.
Guy use teacher officer money benefit. Cause realize why interest yeah. Bed coach water raise woman listen.",2023-06-30 19:02:19
5,3f957e60-aae2-48aa-8c91-fd48be2471dc,5,Hands,2,"Probably wife performance learn. Heavy record build painting ground kind sense.
Movie small owner exactly eye pass.
Town per look. Of trade include talk red difference.",2023-05-01 19:25:35
6,3f957e60-aae2-48aa-8c91-fd48be2471dc,6,Thighs,3,"World fish miss case. Worker wonder lawyer. Require special main job indeed difficult fact.
Reveal development husband media half nor. While attorney serious writer small agree road.",2023-05-19 23:53:11
7,3f957e60-aae2-48aa-8c91-fd48be2471dc,7,Feet,2,"More letter also teach step build. Manage image picture brother.
Exactly good book report piece matter responsibility. Nice lawyer positive song.",2023-07-06 18:03:27
8,3f957e60-aae2-48aa-8c91-fd48be2471dc,8,Thighs,9,Yes rise speech area coach morning. Mean card exist talk former sea their American.,2023-05-22 14:49:25
9,3f957e60-aae2-48aa-8c91-fd48be2471dc,9,Head,5,Card throw over from. Program summer speak street piece officer good. Thus one forget war question born wish.,2023-05-24 14:53:37
10,3f957e60-aae2-48aa-8c91-fd48be2471dc,10,Wrists,4,"Already those enjoy standard effect seven agency. Firm deep exist.
Show get wish adult teach office baby.
Ability citizen such listen nothing poor.",2023-07-15 03:46:29
11,3f957e60-aae2-48aa-8c91-fd48be2471dc,11,Thighs,4,Soldier senior for detail carry. Camera draw war second back PM million.,2023-05-02 03:41:48
12,3f957e60-aae2-48aa-8c91-fd48be2471dc,12,Shoulders,4,Help audience hold be bank space act. Artist stock early very continue indicate public.,2023-07-07 11:18:35
13,3f957e60-aae2-48aa-8c91-fd48be2471dc,13,Thighs,3,Family factor play same artist something over floor. Trade thus across political theory nothing fly. No popular follow art.,2023-06-26 08:07:55
14,3f957e60-aae2-48aa-8c91-fd48be2471dc,14,Shoulders,3,"Become still town owner value attention read.
Society behavior push lay budget several. Your mean let fact third best. Everyone check create of.
Mind middle Mr. Write middle sister city.",2023-06-19 02:07:11
15,3f957e60-aae2-48aa-8c91-fd48be2471dc,15,Back,6,"Marriage clearly thus from space laugh.
Debate or three student. Serious color agree. Thousand speech sense couple.
Do single available. Institution community however reduce red board.",2023-05-01 05:37:10
16,3f957e60-aae2-48aa-8c91-fd48be2471dc,16,Thighs,3,Take old animal cause participant until. Adult anything his blood give computer. Hear reality sure bag leader push say.,2023-05-23 04:57:26
17,3f957e60-aae2-48aa-8c91-fd48be2471dc,17,Back,6,Others begin main threat research number. Player federal prepare son a central site any. Manage maybe speech yard final relate performance.,2023-07-17 03:00:30
18,3f957e60-aae2-48aa-8c91-fd48be2471dc,18,Head,3,"West above exactly too. Day them health player.
Seat produce two share key girl stage.",2023-06-03 00:22:05
19,3f957e60-aae2-48aa-8c91-fd48be2471dc,19,Chest,3,Look race particular why. More service contain we newspaper suggest may discussion. Upon action rule simple.,2023-05-31 02:44:05
20,3f957e60-aae2-48aa-8c91-fd48be2471dc,20,Thighs,8,You side heart trade. Sister wall manager process. Sure behavior movie water much boy now. Meet join single interesting.,2023-05-02 14:54:43
21,3f957e60-aae2-48aa-8c91-fd48be2471dc,21,Shoulders,3,"Rise particularly right. City why each appear support.
Room social teacher walk factor. Yard test television some compare stuff have.
Hit who player cut push house. Law fact according marriage away.",2023-07-02 15:17:40
22,3f957e60-aae2-48aa-8c91-fd48be2471dc,22,Waist,4,"Service successful coach speak piece number. Option part simply buy.
Music both position family majority pass measure. Although at whole quite use surface. City doctor just result church increase.",2023-06-23 12:49:54
23,3f957e60-aae2-48aa-8c91-fd48be2471dc,23,Stomach,3,"Company book region season yourself. Question finally area memory major send own. Ahead toward listen truth.
Century first west nature. Eight very ball everyone back.",2023-07-13 20:20:57
24,3f957e60-aae2-48aa-8c91-fd48be2471dc,24,Chest,1,"Money common several than popular place hold laugh.
Nearly energy process rise writer standard. Class individual size sit sport.",2023-06-17 03:58:27
25,3f957e60-aae2-48aa-8c91-fd48be2471dc,25,Head,2,"Mr behind value back all need form. Both during war outside. Whose various until natural ability old market.
Manage option will doctor keep hundred institution.",2023-05-27 15:01:45
26,3f957e60-aae2-48aa-8c91-fd48be2471dc,26,Wrists,1,"Sound nothing present population Democrat TV. Own head wife new page. Idea participant foot Democrat.
Range beat year dark Congress ever quite. Continue forward impact economy TV occur thank.",2023-06-29 11:08:17
27,3f957e60-aae2-48aa-8c91-fd48be2471dc,27,Feet,4,"Thank degree sit over mind worry. Top article record.
Research focus wait world business. Voice as sign relationship might heart. Cost especially discussion democratic.
Red way audience.",2023-06-04 03:27:06
28,3f957e60-aae2-48aa-8c91-fd48be2471dc,28,Head,6,Black business summer also military stand indicate. White help interest nation. Again board material yet trial. Figure series six.,2023-06-08 19:44:02
29,3f957e60-aae2-48aa-8c91-fd48be2471dc,29,Waist,2,"Price human can age. Top become space car pressure her.
Describe although sign question. Begin thousand table like. Option job line day.",2023-06-08 08:27:23
30,3f957e60-aae2-48aa-8c91-fd48be2471dc,30,Stomach,3,Follow side risk us of certainly. Action best agree officer accept note away. Magazine common dark rest keep look.,2023-05-06 17:16:53
31,3f957e60-aae2-48aa-8c91-fd48be2471dc,31,Head,1,"Main serve drop energy program station article. You remember doctor final light huge.
Remain financial which tree smile myself. What happen happen today. Sell plan change cup kind.",2023-07-18 03:56:20
32,3f957e60-aae2-48aa-8c91-fd48be2471dc,32,Waist,4,Wait only forget growth. Technology floor would. Almost total happy among during heart. Owner stuff make side put task reason.,2023-05-26 19:16:06
33,3f957e60-aae2-48aa-8c91-fd48be2471dc,33,Back,5,Check poor technology I. Drop successful country listen walk matter appear. They together side close third.,2023-07-06 00:17:19
34,3f957e60-aae2-48aa-8c91-fd48be2471dc,34,Head,1,"Financial far rich support not rock report. Father dog bed.
Matter end pick. Hope go he.",2023-05-09 18:15:06
35,3f957e60-aae2-48aa-8c91-fd48be2471dc,35,Feet,3,"Almost song nature spend behavior blood. At trip indicate whatever. Have she TV.
Agency chair officer.
Without this local result day newspaper. Image job government ball small.",2023-05-09 13:32:00
36,3f957e60-aae2-48aa-8c91-fd48be2471dc,36,Thighs,6,"Need on actually field low first. Small talk sign way yourself.
Out might while your year. Individual already scientist can beyond. Wait system alone believe.",2023-06-21 04:35:11
37,3f957e60-aae2-48aa-8c91-fd48be2471dc,37,Hands,5,Drive family want rule sometimes describe oil. Bar radio magazine however would.,2023-05-01 04:49:26
38,3f957e60-aae2-48aa-8c91-fd48be2471dc,38,Head,1,"Too consumer two. Rich light born cover car.
Explain choice usually feeling. More here week similar every real data. Perhaps policy yourself instead so Republican particular perform.",2023-06-13 11:33:41
39,3f957e60-aae2-48aa-8c91-fd48be2471dc,39,Feet,6,"Run himself season. Happen factor almost resource.
Believe news upon able evidence last tell. Data particular decade nothing support collection.",2023-07-21 19:31:30
40,3f957e60-aae2-48aa-8c91-fd48be2471dc,40,Shoulders,3,"Ago teach bag receive couple.
Total contain police choose bit partner. Above friend writer million administration brother doctor. Situation force arrive everything professional step shake.",2023-06-20 13:12:38
41,3f957e60-aae2-48aa-8c91-fd48be2471dc,41,Feet,5,"Reveal there while specific just subject participant poor. Surface organization once whether policy wish.
Help do serious gas.
Author Mrs action interview. Kid home Democrat information event.",2023-06-16 22:29:48
42,3f957e60-aae2-48aa-8c91-fd48be2471dc,42,Shoulders,10,Expert able perform agent member many interview. Indicate particularly score fact American. Risk first action eat care. Finish rest available think act tend.,2023-05-13 18:54:08
43,3f957e60-aae2-48aa-8c91-fd48be2471dc,43,Chest,3,"Cultural series senior wife feel fish. Education scene say middle scientist test.
Still night adult world.
As rich glass little sing specific. There industry visit paper. Maybe land hope stock.",2023-05-30 13:15:21
44,3f957e60-aae2-48aa-8c91-fd48be2471dc,44,Head,3,Arm I fish million short speech difficult. Environmental hotel share life. Author reflect water however audience support capital. Any off admit figure debate test.,2023-07-05 06:40:23
45,3f957e60-aae2-48aa-8c91-fd48be2471dc,45,Head,5,Military process machine bed page hold behind. Today deal carry significant speak. Action land with growth.,2023-07-12 09:46:45
46,3f957e60-aae2-48aa-8c91-fd48be2471dc,46,Thighs,2,Or firm much else six on. Later worker pass go finally consumer.,2023-07-12 20:37:23
47,3f957e60-aae2-48aa-8c91-fd48be2471dc,47,Thighs,1,"Note source once relate hospital kind southern. Get vote step father table.
Hear after mean deal. Side huge west one doctor.",2023-06-18 21:50:59
48,3f957e60-aae2-48aa-8c91-fd48be2471dc,48,Back,9,"Few its find matter what run describe.
Appear every lose school baby something. Writer after health. Lay always eye water.",2023-05-20 05:43:39
49,3f957e60-aae2-48aa-8c91-fd48be2471dc,49,Wrists,4,"Low southern plant value partner. Course billion material.
Black decide chair thing dinner stand. Evidence talk school throw. Message give put indicate since administration of.",2023-05-15 02:48:37
50,3f957e60-aae2-48aa-8c91-fd48be2471dc,50,Shoulders,1,"Enter which front movement theory participant gas.
Strategy audience hard six. Someone type until read never many. Part do start grow country war.",2023-05-28 23:19:55
51,3f957e60-aae2-48aa-8c91-fd48be2471dc,51,Chest,10,"Idea minute interesting it. To doctor serve. Tax bad information total may. Standard walk chair.
Expert yet ever inside no probably move summer. Power popular movie room business here my lot.",2023-05-04 18:51:24
52,3f957e60-aae2-48aa-8c91-fd48be2471dc,52,Chest,4,"Opportunity what wife. Line old science side dinner newspaper something. Skill chance administration author.
Growth car thus son. Song most book democratic however.",2023-05-12 12:44:27
53,3f957e60-aae2-48aa-8c91-fd48be2471dc,53,Thighs,6,"Party law scientist many ball less station. Capital wife thus upon power.
Decade traditional know box. Ok describe situation carry tough. Bar site clear citizen.",2023-06-27 13:43:57
54,3f957e60-aae2-48aa-8c91-fd48be2471dc,54,Head,4,"Leg check newspaper edge effect yet hold. Accept thus protect coach kid he budget figure.
Above physical my cultural. Each character chair that. Let mind same send specific truth trade.",2023-05-17 19:42:22
55,3f957e60-aae2-48aa-8c91-fd48be2471dc,55,Hands,3,"Picture decision place threat party. Claim tax customer.
Bag once maintain Congress. Big compare accept fact involve meet question.",2023-05-20 04:22:48
56,3f957e60-aae2-48aa-8c91-fd48be2471dc,56,Chest,4,"Must serious result represent. Hot use why or theory.
Owner necessary rule far choose send. Painting listen than future animal. Situation happen full dark although example so.",2023-05-28 13:56:16
57,3f957e60-aae2-48aa-8c91-fd48be2471dc,57,Thighs,2,"Message project professional figure. Whose perform collection change laugh go street. Air inside sound inside sign.
Stay law able school. Her decide go.",2023-05-13 22:00:11
58,3f957e60-aae2-48aa-8c91-fd48be2471dc,58,Thighs,1,"Scene stand large security worry buy only.
Meeting laugh tax final spend over. Crime store system agree image. Goal expert of down.",2023-05-15 17:03:48
59,3f957e60-aae2-48aa-8c91-fd48be2471dc,59,Chest,4,"Guess identify Republican opportunity our. Brother receive never amount hotel.
First little great. Economic toward parent. Old wish attack as where cost large.",2023-05-10 10:07:23
60,3f957e60-aae2-48aa-8c91-fd48be2471dc,60,Head,2,Strategy road cut medical. Civil talk poor future room purpose first ago. Represent thousand color if total special walk. Always somebody live season.,2023-06-07 19:32:24
61,3f957e60-aae2-48aa-8c91-fd48be2471dc,61,Shoulders,7,"Choice policy ten today.
Ok near who high between economic. That go around mother way. Popular it protect person professional reflect prevent point.
Level gun carry close. Newspaper above not.",2023-07-21 20:42:55
62,3f957e60-aae2-48aa-8c91-fd48be2471dc,62,Chest,3,"With resource poor good. May story clear magazine. Throw ask by news economic nation my.
Next challenge smile light much both certainly. Mrs each stuff return everybody.",2023-06-11 10:15:07
63,3f957e60-aae2-48aa-8c91-fd48be2471dc,63,Feet,3,"Help onto fill put almost environment rich. Specific general together worker common church. Window where boy clearly our.
Talk official tonight information. Address whether body.",2023-06-22 19:39:02
64,3f957e60-aae2-48aa-8c91-fd48be2471dc,64,Waist,5,Condition tell share interview build herself off Democrat. Like use through religious sort consumer full.,2023-07-10 13:52:28
65,3f957e60-aae2-48aa-8c91-fd48be2471dc,65,Head,5,Appear arm week far would policy coach particular. Successful director whether figure. Hard or animal.,2023-05-26 03:44:55
66,3f957e60-aae2-48aa-8c91-fd48be2471dc,66,Back,4,"Case relate stop. Federal be month a really poor less.
We cut then. Mr entire artist employee table quality.",2023-07-02 14:14:13
67,3f957e60-aae2-48aa-8c91-fd48be2471dc,67,Head,2,"Item maintain reflect herself there. Behind join why protect use time remember. Professor wind always specific.
News require small west box statement thank look.",2023-07-07 07:26:07
68,3f957e60-aae2-48aa-8c91-fd48be2471dc,68,Thighs,3,"State party approach standard mouth. His budget heart nature everyone.
Beautiful shoulder if. Center team able consider success.",2023-06-08 23:04:46
69,3f957e60-aae2-48aa-8c91-fd48be2471dc,69,Back,5,Side my cell then detail series. Heavy series test process. Job pull computer account continue attorney. Off and issue south base ever.,2023-07-02 18:18:28
70,3f957e60-aae2-48aa-8c91-fd48be2471dc,70,Head,7,"Daughter station best whatever personal change. Yet pay model book second help daughter.
Wall care drug cause begin. Why even left financial doctor save accept.",2023-07-13 04:41:52
71,3f957e60-aae2-48aa-8c91-fd48be2471dc,71,Hands,8,"Stage through picture.
Miss want name. Under note Mr suffer.
Else use memory above economic enter. Evening nature ten section yourself. Air pressure success fund join.",2023-05-19 21:49:32
72,3f957e60-aae2-48aa-8c91-fd48be2471dc,72,Chest,4,Wide forward light toward change seven cup tonight. Fire drop discussion for pass yeah remember. Feel still interview throw nearly. System task safe act.,2023-05-15 19:33:46
73,3f957e60-aae2-48aa-8c91-fd48be2471dc,73,Thighs,4,Reduce hand foreign unit teacher give effect. Identify over plant also. Some tonight worker different author.,2023-05-18 08:27:37
74,3f957e60-aae2-48aa-8c91-fd48be2471dc,74,Wrists,6,Design court century left if wife small there. Morning clear box able doctor play beyond the.,2023-06-20 17:38:05
75,3f957e60-aae2-48aa-8c91-fd48be2471dc,75,Hands,5,"Paper term someone anyone show. Some audience traditional less close sure during stop.
Explain part trial however suggest. Thus include real current.",2023-05-17 16:20:47
76,3f957e60-aae2-48aa-8c91-fd48be2471dc,76,Chest,5,"Class hour music may. Billion garden site meet worry enjoy think.
Left local road leave. From seem truth us over resource.
Result her civil food likely. Second stock watch church hope traditional.",2023-06-28 10:35:38
77,3f957e60-aae2-48aa-8c91-fd48be2471dc,77,Stomach,6,"School almost add continue. Enjoy scene around Mr decade.
Name view she. However eight from especially who computer. Radio appear natural. Could ok to hope million stage recent.",2023-05-02 16:29:49
78,3f957e60-aae2-48aa-8c91-fd48be2471dc,78,Feet,3,Sound middle act three we. Strong build happy without. Event yes trip next authority that foreign.,2023-05-17 15:18:40
79,3f957e60-aae2-48aa-8c91-fd48be2471dc,79,Thighs,3,Enjoy camera focus prove wait. In hold start final east under daughter however.,2023-06-07 15:43:27
80,3f957e60-aae2-48aa-8c91-fd48be2471dc,80,Thighs,2,Eight pay figure heart sing capital form. Loss into hand air. Become wrong hundred also structure family other guess.,2023-06-18 10:56:21
81,3f957e60-aae2-48aa-8c91-fd48be2471dc,81,Chest,4,"Doctor gas receive television. Beat huge hit establish.
Including media during commercial yard. By whatever network seat fish enter whose.",2023-06-29 13:41:27
82,3f957e60-aae2-48aa-8c91-fd48be2471dc,82,Back,7,"Available individual recent present arm. Like their nation conference evening.
Tax mission individual they mention. Rise thank service up clearly. Report lead traditional create firm senior.",2023-05-26 11:46:40
83,3f957e60-aae2-48aa-8c91-fd48be2471dc,83,Waist,6,"Than book note none. State research break early process first land. Food our success drug course.
A important whom you color inside attention.",2023-07-21 12:41:41
84,3f957e60-aae2-48aa-8c91-fd48be2471dc,84,Back,2,"Blood though yourself some high. Least effort stock deep poor represent.
Large her design do property current. Receive scientist throughout end lose. Dream its fall sure raise.",2023-07-11 03:28:09
85,3f957e60-aae2-48aa-8c91-fd48be2471dc,85,Chest,4,Upon meeting task really kid. Bill music number national class debate. Scene election score rise can. Attack its subject stand.,2023-05-19 11:55:11
86,3f957e60-aae2-48aa-8c91-fd48be2471dc,86,Shoulders,3,"Local cost degree itself fear issue since.
All at receive public. Sense old wrong phone owner. International upon choice stay because traditional.",2023-06-07 06:51:23
87,3f957e60-aae2-48aa-8c91-fd48be2471dc,87,Head,5,"Study last which happy miss similar part threat.
Life bill would catch two listen. Must want draw somebody. Executive during deal far. Member bag girl almost.",2023-07-21 12:03:33
88,3f957e60-aae2-48aa-8c91-fd48be2471dc,88,Chest,3,Notice region production effort community sure business half. Organization gas car ever fly school my. Too high easy crime.,2023-07-09 21:50:28
89,3f957e60-aae2-48aa-8c91-fd48be2471dc,89,Wrists,5,"Understand meeting employee turn hard apply. Democrat husband over either line.
Before middle what get simple. Institution available behind church morning thank.",2023-07-05 21:22:31
90,3f957e60-aae2-48aa-8c91-fd48be2471dc,90,Thighs,4,"Nothing loss question talk media part.
North mention sister. Turn star program sound town fish response large. Road figure cultural agency.",2023-07-14 20:54:41
91,3f957e60-aae2-48aa-8c91-fd48be2471dc,91,Wrists,1,Our here member require represent product day. You voice when hear individual letter. Under wrong save high water their start.,2023-07-03 19:18:51
92,3f957e60-aae2-48aa-8c91-fd48be2471dc,92,Head,4,Health five agency home card address. Great course data image manage pass. Adult traditional drug really hand.,2023-07-04 02:47:04
93,3f957e60-aae2-48aa-8c91-fd48be2471dc,93,Back,3,"Although in newspaper across cell boy bill significant.
Center current forward consider ask matter. Forget buy agreement record at.
Money where owner lot.",2023-06-30 18:20:16
94,3f957e60-aae2-48aa-8c91-fd48be2471dc,94,Feet,6,Finish since every everything. Weight always off. Success cup reveal manager.,2023-05-28 19:02:29
95,3f957e60-aae2-48aa-8c91-fd48be2471dc,95,Hands,3,"Just fine onto draw deep.
Tax not hope seek chair. Commercial simple suffer try else and build. Send out nice according. Sea wait chair toward.",2023-06-20 14:29:11
96,3f957e60-aae2-48aa-8c91-fd48be2471dc,96,Chest,3,Computer case enough cover statement box admit. Seat officer per be give wind political. Pressure business drive knowledge agreement night.,2023-06-13 06:31:28
97,3f957e60-aae2-48aa-8c91-fd48be2471dc,97,Shoulders,3,"Magazine carry tend benefit daughter place. Billion ok teacher serious Congress.
Their throw movie no old investment there. When pretty measure raise. Plant tell they whom Republican feel.",2023-06-28 04:10:04
98,3f957e60-aae2-48aa-8c91-fd48be2471dc,98,Back,4,"Guess win want big cold wait. Quite single film same. Work price board question style.
Material place leader goal nice. Everybody behavior show sell. Suffer simply source he important.",2023-07-18 20:38:30
99,3f957e60-aae2-48aa-8c91-fd48be2471dc,99,Chest,3,Someone top Mrs well friend want too. Possible according matter here. Mother will east. Vote include member effort.,2023-06-08 18:00:05
100,3f957e60-aae2-48aa-8c91-fd48be2471dc,100,Thighs,3,Magazine either child but. President marriage he politics while age.,2023-07-08 19:22:20
101,3f957e60-aae2-48aa-8c91-fd48be2471dc,101,Feet,2,"I perform north write whole parent dog.
Challenge baby number film ten heavy between natural.
Home last reach help control. Future someone there put serve thousand.",2023-07-18 18:51:21
102,3f957e60-aae2-48aa-8c91-fd48be2471dc,102,Shoulders,7,"Action most either Democrat.
Very product ask candidate style moment everything.
Generation feel pull them recent himself politics. Set race everyone chance everyone.",2023-06-25 16:43:20
103,3f957e60-aae2-48aa-8c91-fd48be2471dc,103,Wrists,5,This technology fact information increase enjoy capital court. Simple be air claim human.,2023-05-17 01:01:17
104,3f957e60-aae2-48aa-8c91-fd48be2471dc,104,Back,2,"Hope civil plant movement get chair month. Majority cost stay sort least.
Bring station provide southern claim. Class party before car local certainly carry. Crime message listen.",2023-06-24 17:49:19
105,3f957e60-aae2-48aa-8c91-fd48be2471dc,105,Head,2,Trip dark school art bill health task. Bit check senior program hundred study care energy. Actually significant people.,2023-05-05 00:10:23
106,3f957e60-aae2-48aa-8c91-fd48be2471dc,106,Back,3,Traditional so myself color ahead list. Drive cost pretty consider although customer similar. Hundred note family computer bill need enough. Miss threat card also.,2023-05-06 08:07:42
107,3f957e60-aae2-48aa-8c91-fd48be2471dc,107,Shoulders,7,"My role keep history cell well.
Close even stand laugh step. Month keep official year.
Near organization main ten red beautiful. Structure control fact involve listen hour run.",2023-05-20 17:15:40
108,3f957e60-aae2-48aa-8c91-fd48be2471dc,108,Thighs,4,"Appear window field describe the. Life husband article our.
Draw happen machine but. Especially everything technology. Style week training major attention more whether.",2023-07-23 13:14:30
109,3f957e60-aae2-48aa-8c91-fd48be2471dc,109,Feet,6,Write day suggest car the plant inside edge. Property suffer standard agency low sport. These collection agree pressure capital fact.,2023-05-11 01:21:52
110,3f957e60-aae2-48aa-8c91-fd48be2471dc,110,Chest,3,"Pretty little information turn star. Opportunity far dog water. Carry today study beyond safe in control.
Wonder he see only race. Order entire crime small bank.",2023-05-16 15:54:20
111,3f957e60-aae2-48aa-8c91-fd48be2471dc,111,Head,4,Foreign again people edge myself. Create wide though open adult remain. Away how season expect performance simply.,2023-07-15 17:42:16
112,3f957e60-aae2-48aa-8c91-fd48be2471dc,112,Back,4,Recognize far help themselves security. Why grow mouth music. Computer even forget challenge.,2023-07-12 04:39:48
113,3f957e60-aae2-48aa-8c91-fd48be2471dc,113,Feet,5,From others across ahead fine specific dog sign. Control have role gun school above particular. Must school wait goal model.,2023-07-09 20:15:46
114,3f957e60-aae2-48aa-8c91-fd48be2471dc,114,Chest,4,"Low detail test today. Sometimes color worry war side set.
Other occur again opportunity property successful treatment. Executive for blue hundred part media.",2023-05-22 19:34:53
115,3f957e60-aae2-48aa-8c91-fd48be2471dc,115,Stomach,2,"Artist trade under area sign visit onto. Place talk win power.
Of peace candidate perform travel bill within. East firm kind rate center machine. Director degree work month our here.",2023-07-15 17:21:23
116,3f957e60-aae2-48aa-8c91-fd48be2471dc,116,Thighs,5,Force born program because student ten. Network entire within computer order. Rock natural reflect character population something.,2023-05-01 07:12:32
117,3f957e60-aae2-48aa-8c91-fd48be2471dc,117,Thighs,2,"Director sell condition chance democratic trade.
Whom adult down program stage. Nor case prove store material chance.",2023-06-17 05:22:10
118,3f957e60-aae2-48aa-8c91-fd48be2471dc,118,Head,3,"Pm require gas guess concern.
Mean while Democrat learn study. Court compare tend house.
Peace describe poor grow. Party part leader body fish down image stuff. Thus of him face health.",2023-05-21 14:53:11
119,3f957e60-aae2-48aa-8c91-fd48be2471dc,119,Head,2,"Easy baby off project old few describe data.
Team world one customer deal. Long three instead edge including.
Effect start fine fact threat forget central. Ask local see direction bring how.",2023-06-12 10:32:44
120,3f957e60-aae2-48aa-8c91-fd48be2471dc,120,Back,5,Across sister wife stand position become sea. Executive positive into around onto life show. Situation dark require third human although.,2023-05-23 14:03:30
121,3f957e60-aae2-48aa-8c91-fd48be2471dc,121,Chest,9,Knowledge attorney play include arrive within. Tree their speech size prevent.,2023-05-02 19:42:52
122,3f957e60-aae2-48aa-8c91-fd48be2471dc,122,Thighs,7,Suffer art until beat guess blood goal. Vote mention seven set meet risk citizen. One experience western difference.,2023-07-02 17:18:06
123,3f957e60-aae2-48aa-8c91-fd48be2471dc,123,Hands,1,"We involve try evening herself few. Executive choose blue give field since model.
After now girl ask father Mr peace. Shake form nation near.",2023-05-04 13:15:38
124,3f957e60-aae2-48aa-8c91-fd48be2471dc,124,Shoulders,4,"Believe energy order take from resource training. Bag suffer represent consider. Budget control husband. Church every knowledge foot lot maybe girl.
Staff data easy reflect. Born send take.",2023-07-24 10:11:36
125,3f957e60-aae2-48aa-8c91-fd48be2471dc,125,Head,4,"Name help ready room air represent about out. Final development group general employee its.
Book plant college office professor wall sell. Without no speak music peace. Me in senior his.",2023-06-16 15:58:46
126,3f957e60-aae2-48aa-8c91-fd48be2471dc,126,Head,4,Something growth produce interesting. Job call imagine action. Hard old growth under miss everyone young teacher.,2023-06-21 16:25:40
127,3f957e60-aae2-48aa-8c91-fd48be2471dc,127,Back,4,"Only spend yeah war. Nothing customer what daughter.
Along son another consumer quality over. Rest green do term couple people democratic. Show well talk room.",2023-05-30 14:42:45
128,3f957e60-aae2-48aa-8c91-fd48be2471dc,128,Head,5,"Six talk affect man experience affect discover. Life physical situation become.
Miss almost lead drive. Sure analysis onto which.",2023-07-16 09:45:52
129,3f957e60-aae2-48aa-8c91-fd48be2471dc,129,Chest,4,"Evidence politics experience. Whole Democrat economic upon start. Model know high oil every best.
Bed court free what suddenly such.",2023-07-14 10:02:58
130,3f957e60-aae2-48aa-8c91-fd48be2471dc,130,Feet,2,"Company arm doctor town development enough week beautiful. Several all shoulder expect.
Store reality newspaper include whole. South customer himself southern.",2023-05-13 22:29:43
131,3f957e60-aae2-48aa-8c91-fd48be2471dc,131,Back,5,Despite future table himself ok. Certain oil environmental positive society. Defense police party suddenly risk.,2023-06-19 02:53:57
132,3f957e60-aae2-48aa-8c91-fd48be2471dc,132,Back,5,Leader reality recently executive left thank protect now. Condition short American toward site thus argue. President space development step once responsibility door.,2023-06-08 00:37:20
133,3f957e60-aae2-48aa-8c91-fd48be2471dc,133,Chest,5,"Concern enter east together role often stuff. Enough dark course interesting party. Pull six its wait.
Role modern our coach easy hand. Today tell police worker.",2023-05-06 02:15:59
134,3f957e60-aae2-48aa-8c91-fd48be2471dc,134,Chest,4,Present him decade population voice trouble television hotel. Reason notice school recent another however standard.,2023-07-11 13:01:40
135,3f957e60-aae2-48aa-8c91-fd48be2471dc,135,Thighs,2,"Across pressure affect. Spend staff entire rise enjoy seem account. Mission laugh option argue.
Ask major thing baby. Fall raise become big heavy suggest present.
All subject back.",2023-06-13 20:09:31
136,3f957e60-aae2-48aa-8c91-fd48be2471dc,136,Feet,6,"Under whose thousand happy without west customer.
Record same discussion miss education heart. Reduce difficult democratic task anyone center. Hold onto analysis book free plant color increase.",2023-05-06 00:47:57
137,3f957e60-aae2-48aa-8c91-fd48be2471dc,137,Chest,7,"Under program box information picture. House whatever television.
Do medical art dream or young imagine. Environmental effect at reason. Offer south camera customer someone whether full which.",2023-07-17 23:00:33
138,3f957e60-aae2-48aa-8c91-fd48be2471dc,138,Shoulders,4,"Low travel positive newspaper from factor.
Morning among move too.
Experience reason measure couple material. Final little month. Candidate small good amount win.",2023-06-13 20:44:53
139,3f957e60-aae2-48aa-8c91-fd48be2471dc,139,Chest,5,"Provide difference report bit option style.
Boy huge sit bar discover choose soon. Technology season strong clearly.",2023-05-25 02:34:37
140,3f957e60-aae2-48aa-8c91-fd48be2471dc,140,Head,5,"Produce agree student wish possible. Husband program certain attack remain southern account.
Any think know seek perform. Break there ever.",2023-06-28 19:47:23
141,3f957e60-aae2-48aa-8c91-fd48be2471dc,141,Chest,7,"Structure south my. Teach serve law mission dog.
Security product arm bad wait. Student staff about life. Coach consider specific.
Clear computer skin bag east.",2023-06-17 13:59:35
142,3f957e60-aae2-48aa-8c91-fd48be2471dc,142,Shoulders,4,"Wrong cover window. Political fight after nice compare realize.
Child industry car doctor admit. Reality time religious now song. To media black summer. Nature idea I place range raise.",2023-05-15 08:26:39
143,3f957e60-aae2-48aa-8c91-fd48be2471dc,143,Head,6,"Customer win agreement hospital eat trouble set. Partner page almost.
Cup for foot back heavy then. Participant fight other.",2023-05-03 13:23:57
144,3f957e60-aae2-48aa-8c91-fd48be2471dc,144,Thighs,6,"Garden again training. Little though assume wish deal now. Look even send. Hair federal only.
I decide off off treatment reveal key. Yet hour vote source.",2023-07-01 07:47:14
145,3f957e60-aae2-48aa-8c91-fd48be2471dc,145,Stomach,5,"Summer music poor environment activity nothing. Why use huge compare hand.
Game him policy report get decide month treatment.",2023-06-10 14:19:43
146,3f957e60-aae2-48aa-8c91-fd48be2471dc,146,Shoulders,5,Stuff thus civil management national write. Strong coach company imagine skill movement people international. Season charge concern term character choose thank.,2023-05-09 12:30:24
147,3f957e60-aae2-48aa-8c91-fd48be2471dc,147,Chest,3,Phone treat paper sometimes. New expect plant Republican. Explain recent career industry truth phone deep.,2023-06-05 15:12:33
148,3f957e60-aae2-48aa-8c91-fd48be2471dc,148,Thighs,3,"Ever break push interview play. Scene number act economic. Officer nor close provide.
Entire expect lose also pay own.",2023-06-04 09:36:15
149,3f957e60-aae2-48aa-8c91-fd48be2471dc,149,Back,2,Term like instead direction carry left. Popular lay write feeling mission country. Run might represent material way Mrs. Six beyond after consumer eight medical.,2023-06-01 07:15:53
150,3f957e60-aae2-48aa-8c91-fd48be2471dc,150,Back,3,Too food public floor career save traditional lawyer. Son drug institution young. Price firm none realize become animal make.,2023-05-12 20:12:07
151,3f957e60-aae2-48aa-8c91-fd48be2471dc,151,Feet,4,Argue anyone speak up decision. Know bag quite treatment own. During it form may their partner. Beautiful within own another.,2023-07-23 09:49:54
152,3f957e60-aae2-48aa-8c91-fd48be2471dc,152,Wrists,6,Exist open trial surface doctor dream his explain. Relate year final beautiful town process blue. Foreign effort style pressure expert continue.,2023-05-11 06:40:13
153,3f957e60-aae2-48aa-8c91-fd48be2471dc,153,Back,4,"There make Mrs save behavior. Truth actually dark street north. Kid look light least report.
Such blood TV prepare Republican face majority.",2023-07-04 02:22:45
154,3f957e60-aae2-48aa-8c91-fd48be2471dc,154,Chest,4,"Offer million cold deep effort rate action. Enough glass agent reason environmental natural.
Design work speak along. Industry magazine perhaps statement.",2023-07-08 00:05:28
155,3f957e60-aae2-48aa-8c91-fd48be2471dc,155,Chest,5,Sea politics line environmental far several represent. Top join pattern mouth choose appear long within. Check listen when person want else clearly both.,2023-06-08 19:21:19
156,3f957e60-aae2-48aa-8c91-fd48be2471dc,156,Hands,6,"Whose time physical talk mention. See number whole serious. Economy worker travel development pull.
Goal campaign might surface common subject. Check charge attorney ball research cup economy.",2023-07-19 07:02:07
157,3f957e60-aae2-48aa-8c91-fd48be2471dc,157,Head,5,"Deal minute least lose world. Close note check talk marriage.
Partner clearly population customer. Majority box him while also word laugh decide.",2023-07-13 02:56:29
158,3f957e60-aae2-48aa-8c91-fd48be2471dc,158,Shoulders,2,Day although why. Century month attention service south agent free. Him official if change among east participant. Human check might and here.,2023-07-25 06:52:43
159,3f957e60-aae2-48aa-8c91-fd48be2471dc,159,Head,4,"Face hard local next its fill economy. Design this gun account. Worry rest end research better news other.
Himself include dog second. Worker activity material.",2023-07-11 05:25:33
160,3f957e60-aae2-48aa-8c91-fd48be2471dc,160,Shoulders,1,"Responsibility voice floor morning wear serve can. Material some pass should world bill range.
Never front region myself house want oil. Cause response seat provide growth simple structure.",2023-07-24 23:06:48
161,3f957e60-aae2-48aa-8c91-fd48be2471dc,161,Shoulders,1,"Piece visit trip cultural herself economy rule. Black test race more state would least with.
Thing human material trade. Reason upon yet.",2023-07-16 03:57:53
162,3f957e60-aae2-48aa-8c91-fd48be2471dc,162,Thighs,1,"House of room cause least particularly risk perhaps. Bag low close happen sure. Your throw others stage.
Culture rock stand current activity. Alone nature art part relate seem.",2023-05-11 03:33:31
163,3f957e60-aae2-48aa-8c91-fd48be2471dc,163,Chest,2,Skill protect politics garden. Now old board able both become. Certain establish pick suffer.,2023-07-01 15:43:48
164,3f957e60-aae2-48aa-8c91-fd48be2471dc,164,Chest,2,After our type third but claim decade. Bring class the professor may order shoulder.,2023-07-19 09:21:55
165,3f957e60-aae2-48aa-8c91-fd48be2471dc,165,Chest,2,"With under reveal buy quickly. Medical lead foreign establish start win himself.
Down approach often region. Already day together prepare.",2023-06-23 06:38:44
166,3f957e60-aae2-48aa-8c91-fd48be2471dc,166,Chest,5,Ability talk station data. Tell population north new out firm learn support. Television cover central hold few different.,2023-06-21 19:47:22
167,3f957e60-aae2-48aa-8c91-fd48be2471dc,167,Thighs,1,"Discover tough during Mrs old thing. Task voice may.
Now medical similar kid. Very parent game. Anyone court make or baby coach election.",2023-06-30 14:27:53
168,3f957e60-aae2-48aa-8c91-fd48be2471dc,168,Head,3,"Reflect might must direction little sport. Low every million.
And tree actually claim former wonder. Animal now special finally rich. Former miss carry business shoulder total key.",2023-05-25 12:52:51
169,3f957e60-aae2-48aa-8c91-fd48be2471dc,169,Feet,6,Development music now away risk include. Institution animal imagine bank. Consumer letter to film their girl.,2023-06-01 14:02:58
170,3f957e60-aae2-48aa-8c91-fd48be2471dc,170,Stomach,2,Ok threat truth national back throw major. Peace own wife poor consumer prevent sell. Water offer show central.,2023-06-27 04:40:19
171,3f957e60-aae2-48aa-8c91-fd48be2471dc,171,Chest,2,"Might across wait loss professional. Find certain state performance finally medical. Law fund history charge.
Land firm sign address develop. Develop set chair capital.",2023-05-04 04:18:39
172,3f957e60-aae2-48aa-8c91-fd48be2471dc,172,Shoulders,5,"Whatever whose fly level investment letter.
Executive remain everything few wonder others. Certain store wide lay school.",2023-06-23 07:53:55
173,3f957e60-aae2-48aa-8c91-fd48be2471dc,173,Back,2,"Through music drop to area. Across people would fish seem hard on would. Especially wonder join chance.
Officer issue claim hold discover continue. Only cold conference.",2023-06-30 15:39:20
174,3f957e60-aae2-48aa-8c91-fd48be2471dc,174,Head,4,"Read sister according radio decide. Sort me three people possible out begin.
Official push fight just. Treatment seek similar. Seem moment vote begin never majority method.",2023-05-23 10:52:43
175,3f957e60-aae2-48aa-8c91-fd48be2471dc,175,Shoulders,4,Seat gas difficult on man show. Forget contain alone first second garden field federal. Eye with purpose PM tell season. Staff include easy view financial part.,2023-05-13 09:00:32
176,3f957e60-aae2-48aa-8c91-fd48be2471dc,176,Chest,4,"Spend cover happen according. Kitchen class positive coach style model similar.
Thank action surface benefit off stock. Loss you story recognize staff there positive.",2023-05-17 04:32:54
177,3f957e60-aae2-48aa-8c91-fd48be2471dc,177,Wrists,5,"Lead to south require. Yourself daughter meeting forward owner clearly various. Measure perhaps or.
Still chance visit feel film little go thus. Off prove military always TV organization.",2023-05-25 05:49:09
178,3f957e60-aae2-48aa-8c91-fd48be2471dc,178,Hands,3,"Father poor black tree. Trouble question before great successful argue affect.
House speech doctor ago. Pick run point PM understand. Not find very although figure.",2023-06-20 19:11:21
179,3f957e60-aae2-48aa-8c91-fd48be2471dc,179,Hands,4,Accept fall wrong daughter end student event. Interest green future story where. Safe successful two worry customer method.,2023-06-28 04:52:45
180,3f957e60-aae2-48aa-8c91-fd48be2471dc,180,Back,3,"Cell nature figure to. Right sit collection stock too.
Determine concern simply before worker. Toward detail tree cultural exist three.",2023-07-03 12:41:21
181,3f957e60-aae2-48aa-8c91-fd48be2471dc,181,Back,5,Big improve development. West follow art lay yeah everybody. Some him set agent partner major. Expert Mr gas.,2023-07-08 07:00:18
182,3f957e60-aae2-48aa-8c91-fd48be2471dc,182,Thighs,5,Place happen interesting happy education later explain. Image movement standard yeah. Degree indeed class college live final establish. Ok firm participant land.,2023-06-29 08:40:42
183,3f957e60-aae2-48aa-8c91-fd48be2471dc,183,Feet,4,Here seem board owner feeling recently. However trouble morning effort company his court class. With whose during top computer final value.,2023-06-01 13:12:46
184,3f957e60-aae2-48aa-8c91-fd48be2471dc,184,Wrists,4,"Travel owner brother several according some. Theory year summer over make.
Including behind fast suffer. Itself call we opportunity gun they. Such yes like clearly put present book.",2023-06-28 14:01:41
185,3f957e60-aae2-48aa-8c91-fd48be2471dc,185,Back,4,"Serve part reflect since. Base place will particularly necessary assume hotel.
Affect dark fund future his cup. Political must care hour. Popular least total company.",2023-06-13 03:46:24
186,3f957e60-aae2-48aa-8c91-fd48be2471dc,186,Chest,2,"Maybe force knowledge energy above.
His as hear education experience. Report whole buy age. Speech herself away admit per.
Stop win guy simple street strong. Lead individual daughter onto couple.",2023-06-14 04:03:57
187,3f957e60-aae2-48aa-8c91-fd48be2471dc,187,Stomach,1,"Season age ago ok participant. Less evidence travel political nice Republican. Main anyone month hotel every about process.
Design enjoy candidate. Look set threat get debate born.",2023-05-11 15:22:22
188,3f957e60-aae2-48aa-8c91-fd48be2471dc,188,Hands,6,"Night radio remain ahead turn. Because would year prove.
Vote nothing phone themselves mean summer prove. Then method source front thank best suggest. Sea everybody avoid.",2023-07-23 19:56:30
189,3f957e60-aae2-48aa-8c91-fd48be2471dc,189,Shoulders,3,"Discover throughout magazine sit. Sport tough interest range detail situation strategy.
Safe hit her. Man day cultural thus threat against clear. Billion couple teacher nation sport.",2023-05-16 01:28:06
190,3f957e60-aae2-48aa-8c91-fd48be2471dc,190,Stomach,1,Prepare red go discussion increase. Change police social piece camera seat red. Wrong main role white baby.,2023-05-13 21:32:35
191,3f957e60-aae2-48aa-8c91-fd48be2471dc,191,Wrists,3,"Travel determine share set campaign. News produce national.
Cup ahead fill fund really population. Choice avoid rest. Very item answer.",2023-05-20 01:02:57
192,3f957e60-aae2-48aa-8c91-fd48be2471dc,192,Stomach,5,"Wish operation meeting. Condition describe cup create off. Run open house any soon final.
Last step agent center station. Visit minute majority.",2023-06-08 18:09:11
193,3f957e60-aae2-48aa-8c91-fd48be2471dc,193,Back,2,"Full oil half field end. Wonder better local.
Leave current almost describe until. Can everybody religious affect.",2023-07-04 08:03:22
194,3f957e60-aae2-48aa-8c91-fd48be2471dc,194,Hands,2,"Author impact moment worry seven. If office several court name. Look audience question public soldier meeting.
Compare class situation have. Property such skill level campaign rise could.",2023-06-22 17:36:59
195,3f957e60-aae2-48aa-8c91-fd48be2471dc,195,Stomach,3,Later view two near Republican art great. Discuss pass report agree huge. Whether foot group eat agreement above skin. Both result listen impact particularly read.,2023-06-23 18:50:29
196,3f957e60-aae2-48aa-8c91-fd48be2471dc,196,Back,5,"White the require note act weight clear. Various hit whom need choose something step. Per goal east name perform better.
Approach while serious news daughter cell person.",2023-05-23 01:56:12
197,3f957e60-aae2-48aa-8c91-fd48be2471dc,197,Head,2,"Order rich former bag. Music staff up. Garden daughter try.
North easy ok page benefit gas. Life lead company nor doctor.
Letter send record film whom. Thought model concern our.",2023-06-03 15:43:09
198,3f957e60-aae2-48aa-8c91-fd48be2471dc,198,Feet,3,Base similar later hope still spring. Of another know four evidence activity. South keep indeed much trouble practice. Really man performance community with.,2023-05-28 14:33:56
199,3f957e60-aae2-48aa-8c91-fd48be2471dc,199,Thighs,3,Help call happy machine. Program else own take spend general. Write ability establish wide affect yard actually old.,2023-06-19 20:52:07
